{
    "material": {"ambient": [0.1,0.1,0.1], "diffuse": [0.9254902,0.654902,0.2509804], "specular": [0.3,0.3,0.3], "n":10}, 
    "vertices": [[-0.5, 0.625, 0.75],[0, 0, 0.75],[0.5, 0.625, 0.75]],
    "normals": [[0, 0, -1],[0, 0, -1],[0, 0, -1]],
    "triangles": [[0,1,2]]
},
{
    "material": {"ambient": [0.1,0.1,0.1], "diffuse": [0.4235294,0.8313725,0.254902], "specular": [0.3,0.3,0.3], "n":10}, 
    "vertices": [[-0.625, 1.25, 0.75], [-0.5, 0.625, 0.75], [-0.375, 1.25, 0.75]],
    "normals": [[0, 0, -1],[0, 0, -1],[0, 0, -1],[0, 0, -1]],
    "triangles": [[0,1,2]]
},